Rk,Team,Conf,G,Rec,AdjOE,AdjDE,Barthag,EFG%,EFGD%,TOR,TORD,ORB,DRB,FTR,FTRD,2P%,2P%D,3P%,3P%D,3PR,3PRD,Adj T.,WAB
1,"Connecticut   1 seed, ✅",BE,39,36-318–2,127.61,91.64,.97861,57.06,44.43,14.534,16.0247,36.612,26.672,32.3188,31.2135,59.14,43.02,36.056,31.440,40.3100,33.450,64.8325,+11.21
2,"Houston   1 seed, ❌",B12,37,32-515–3,119.615,86.51,.97672,50.3195,44.02,13.89,24.43,36.810,31.2282,30.8236,39.4316,49.2226,43.14,34.8132,30.111,36.8191,40.1282,63.5349,+9.93
3,"Purdue   1 seed, ✅",B10,38,34-417–3,126.42,94.214,.96703,56.113,47.436,16.5142,13.7341,37.86,23.913,41.613,22.24,53.457,47.451,40.62,31.649,35.2235,36.9171,67.2200,+10.72
4,"Auburn   4 seed, ❌",SEC,35,27-813–5,121.010,93.07,.95354,54.235,43.71,15.156,18.1102,32.959,30.2225,38.342,41.5335,55.122,42.91,35.2105,30.212,37.5176,33.450,70.056,+5.29
5,"Iowa St.   2 seed, ❌",B12,37,29-813–5,113.653,87.62,.95185,52.097,47.436,15.468,25.32,31.1103,29.4198,35.4102,34.8241,51.2138,47.451,35.870,31.544,31.7305,45.2354,67.4193,+6.36
6,"Arizona   2 seed, ❌",P12,36,27-915–5,120.512,93.28,.95036,54.530,48.467,16.0104,18.0110,35.618,23.36,36.483,25.926,54.437,47.762,36.633,32.9113,33.4281,37.9208,72.315,+4.910
7,"Tennessee   2 seed, ❌",SEC,36,27-914–4,115.931,90.43,.94587,51.1147,45.35,14.534,18.579,32.275,28.2138,33.7147,35.7260,50.8151,44.38,34.4152,31.233,41.279,41.1301,69.284,+5.67
8,"Duke   4 seed, ❌",ACC,36,27-915–5,121.29,95.419,.94008,54.628,48.678,14.431,16.9174,32.077,25.953,34.3132,28.166,53.555,49.0108,37.713,31.853,37.5176,34.781,66.5247,+3.515
9,"North Carolina   1 seed, ❌",ACC,37,29-817–3,119.218,94.215,.93699,51.5126,46.718,14.119,14.8310,33.058,23.710,36.288,28.269,50.2178,46.023,35.962,32.061,36.1211,35.8119,70.547,+7.04
10,"Creighton   3 seed, ❌",BE,35,25-1014–6,121.68,97.132,.930310,57.33,46.311,15.468,11.0362,26.1273,24.927,24.7352,16.01,59.23,45.515,36.825,32.378,48.58,27.96,66.7233,+4.313
11,"Marquette   2 seed, ❌",BE,37,27-1014–6,118.520,94.916,.928211,55.020,49.8133,14.327,21.119,25.7285,30.8266,25.5344,26.938,56.612,49.3124,35.2105,33.7162,41.184,42.8335,69.190,+6.55
12,"Gonzaga   5 seed, ❌",WCC,34,27-814–2,123.55,99.056,.927212,57.06,47.332,14.015,16.1241,33.251,27.7111,30.7240,25.219,58.37,45.113,36.243,34.1195,31.3312,36.6148,68.8104,+2.423
13,"Illinois   3 seed, ❌",B10,38,29-914–6,125.74,101.091,.925313,53.648,48.046,15.051,12.3360,35.618,26.364,37.168,26.733,54.437,46.836,34.9125,34.1195,38.6142,28.37,69.768,+5.68
14,"Alabama   4 seed, ❌",SEC,37,25-1213–5,126.03,102.5121,.915514,56.310,49.7127,15.995,15.2294,34.925,30.9271,35.3106,38.8307,56.710,50.9199,37.319,31.751,46.519,37.2183,72.414,+3.316
15,"Saint Mary's   5 seed, ❌",WCC,33,26-815–1,115.335,94.111,.912515,52.867,45.14,16.0104,16.7189,38.73,22.31,28.0304,33.4201,52.781,43.85,35.398,32.378,36.8191,29.28,62.5357,+1.435
16,St. John's,BE,33,20-1311–9,120.013,98.644,.905616,50.9156,49.5113,15.784,18.579,38.64,30.3229,27.3324,34.4231,50.8151,47.971,34.1164,35.0254,32.5295,35.9123,69.379,+0.4152
17,"Baylor   3 seed, ❌",B12,34,24-1111–7,122.57,100.988,.902917,55.714,51.4233,17.7216,17.0164,35.024,26.989,40.222,31.2135,53.555,52.1257,39.54,33.4142,38.9133,35.4103,65.9276,+4.512
18,"Michigan St.   9 seed, ❌",B10,35,20-1510–10,113.455,93.49,.902518,51.6121,48.046,15.051,18.579,29.8139,28.5148,29.3272,32.4176,50.5164,47.451,36.243,32.696,30.5323,41.6311,65.4306,-0.1456
19,"Clemson   6 seed, ❌",ACC,36,24-1211–9,117.623,97.433,.897919,53.944,48.256,14.843,13.9337,27.2240,26.672,30.7240,32.1165,54.633,47.147,35.1112,33.1126,39.9108,41.1301,66.3258,+1.041
19,"Texas   7 seed, ❌",B12,34,21-139–9,116.629,96.525,.897919,53.064,48.154,16.9174,18.864,29.9134,30.1222,30.2254,34.0221,53.170,47.044,35.492,33.5147,34.9247,32.943,67.4191,+0.747
21,"Kansas   4 seed, ❌",B12,33,23-1110–8,113.751,94.213,.897121,53.550,48.360,16.5142,16.5206,25.7285,26.570,32.5184,28.576,54.730,45.820,33.6194,34.6233,29.8334,41.0296,69.093,+3.814
22,"Florida   7 seed, ❌",SEC,36,24-1211–7,120.511,100.177,.893822,51.8109,49.3106,15.784,14.5316,37.38,28.8168,38.440,34.8241,51.8112,49.5136,34.5144,32.696,34.5258,32.436,71.819,+2.820
23,"Wisconsin   5 seed, ❌",B10,36,22-1411–9,118.919,99.158,.890523,52.288,52.0259,14.947,16.9174,30.2121,24.518,33.8146,33.8214,52.293,50.2166,34.9125,36.9336,35.5226,34.374,65.3309,+3.018
24,"Colorado   10 seed, ❌",P12,37,26-1113–7,118.321,98.645,.890324,55.415,49.7127,18.1249,15.2294,32.077,24.722,35.1111,27.347,54.040,50.6180,39.16,32.166,30.6322,35.296,67.7170,+1.730
25,"BYU   6 seed, ❌",B12,34,23-1110–8,119.814,99.970,.889825,54.823,48.256,15.364,16.0247,32.865,24.621,25.4345,32.0161,57.58,48.384,34.8132,32.061,50.44,34.065,69.189,+2.325
26,"Nebraska   8 seed, ❌",B10,34,23-1112–8,116.030,96.828,.889126,53.161,46.718,15.893,16.2228,27.6219,30.3229,32.6181,27.758,52.878,45.214,35.773,32.589,44.332,41.4308,69.097,+2.027
27,"Kentucky   3 seed, ❌",SEC,33,23-1013–5,122.76,102.6124,.886527,57.24,49.6123,14.223,15.9256,28.9170,30.3229,30.4246,33.5204,54.730,49.4131,40.91,33.2132,37.5176,40.1282,72.513,+2.819
28,"San Diego St.   5 seed, ❌",MWC,35,26-1111–7,111.971,94.112,.880128,49.9220,47.332,16.2114,18.1102,32.769,28.7163,36.777,33.1192,51.5124,47.869,31.5296,31.029,38.0157,40.3285,66.2263,+2.226
29,"New Mexico   11 seed, ❌",MWC,35,26-1010–8,113.948,96.023,.877529,50.5183,48.154,14.015,19.349,33.543,27.096,33.2158,33.4201,51.1143,49.2119,32.7241,30.721,29.9330,36.5143,72.910,+1.533
30,Pittsburgh,ACC,33,22-1112–8,116.727,98.853,.871430,51.6121,49.087,13.47,16.6196,31.0105,23.812,30.5244,30.5123,50.0192,50.8193,35.773,30.823,44.431,38.6236,65.9272,+0.648
31,"Texas A&M   9 seed, ❌",SEC,36,21-159–9,117.722,100.071,.867031,45.7340,50.5180,14.119,16.7189,42.21,27.9123,38.638,31.9156,46.8310,50.3171,29.3342,33.8166,37.7167,44.9351,66.1265,-0.0555
32,"Texas Tech   6 seed, ❌",B12,34,23-1111–7,116.925,99.362,.866932,52.674,49.299,16.5142,17.0164,30.2121,30.3229,34.2136,27.245,51.6120,49.8147,35.962,32.275,41.474,38.6236,66.6245,+2.821
33,Villanova,BE,34,18-1610–10,110.492,93.810,.866233,50.6174,48.360,14.739,16.2228,24.9298,24.316,26.8333,26.028,50.5164,47.659,33.8181,32.8109,48.011,45.3355,63.7347,-1.268
34,"Mississippi St.   8 seed, ❌",SEC,35,21-148–10,112.367,95.520,.865534,51.4139,48.046,18.9299,18.489,35.420,27.9123,37.463,31.8154,53.457,50.3171,32.2261,29.88,38.5146,41.2306,67.2209,+0.649
35,Wake Forest,ACC,35,21-1411–9,117.024,99.769,.862635,54.235,49.194,15.468,16.4211,26.4266,25.850,32.0196,30.1116,54.040,48.9101,36.437,33.1126,37.4182,35.5107,68.3134,-1.066
36,"Nevada   10 seed, ❌",MWC,33,26-813–5,115.037,98.138,.861836,53.258,48.467,15.261,17.4139,27.3233,26.989,45.06,34.2226,52.589,49.1113,36.437,31.649,33.7273,41.0296,66.9223,+2.522
37,"Northwestern   9 seed, ❌",B10,34,22-1212–8,115.734,98.850,.860237,52.674,51.5239,13.47,18.864,25.8283,27.8115,29.2277,39.3315,49.2226,51.4226,39.07,34.5226,36.4202,37.3190,64.0340,+1.238
38,"Washington St.   7 seed, ❌",P12,35,25-1014–6,112.860,96.726,.855138,51.8109,47.227,16.4134,15.7272,32.959,25.029,31.6216,32.3170,52.293,46.528,33.9178,32.589,32.2299,31.122,64.9322,+1.829
39,Utah,P12,37,22-159–11,114.246,97.837,.854939,54.431,48.882,16.1110,14.1332,27.5224,25.850,27.1329,26.028,53.651,48.074,36.923,33.6155,40.595,36.4136,69.961,-1.270
40,Ohio St.,B10,36,22-149–11,115.136,98.646,.854740,50.9156,48.780,15.573,15.9256,31.496,28.5148,33.6151,29.9111,50.5164,47.044,34.4152,34.6233,34.7252,33.754,66.2262,-0.561
41,Seton Hall,BE,37,25-1213–7,113.158,96.930,.854741,50.4188,49.299,18.4278,17.9115,35.222,29.1184,30.9233,25.622,50.4170,49.0108,33.6194,33.0116,31.2314,42.5331,66.6243,+0.844
42,Indiana St.,MVC,38,32-717–3,119.616,102.7125,.852542,59.81,49.9142,16.2114,15.5279,23.6326,23.36,33.1162,25.926,62.41,48.897,38.111,34.7241,49.55,34.065,70.739,+1.928
43,"Colorado St.   10 seed, ❌",MWC,34,25-1110–8,112.861,96.829,.852443,54.235,48.571,15.468,16.6196,24.6301,26.989,31.8208,31.7151,57.09,48.074,33.0221,33.0116,38.2153,33.754,66.1269,+1.140
44,"Boise St.   10 seed, ❌",MWC,31,22-1113–5,113.752,97.835,.849844,51.0152,49.8133,16.4134,16.9174,32.959,23.15,35.1111,33.1192,50.8151,52.1257,34.2159,30.518,39.4116,36.7155,66.5249,+0.746
45,Cincinnati,B12,37,22-157–11,111.378,95.722,.849645,50.3195,47.741,17.3196,17.3146,36.215,25.335,27.6315,29.187,50.8151,46.327,33.0221,33.6155,36.7198,34.884,67.4189,-1.472
46,"TCU   9 seed, ❌",B12,34,21-139–9,114.047,98.139,.848246,51.5126,50.7191,18.0242,20.625,35.917,28.4145,35.0117,35.4256,50.8151,51.3220,35.492,33.0116,30.3327,35.192,70.054,+0.843
47,"Dayton   7 seed, ❌",A10,33,25-814–4,116.726,100.681,.847047,56.211,48.360,16.0104,15.9256,26.4266,28.6158,36.777,21.93,53.457,48.591,39.93,32.061,44.332,40.1282,64.2337,+2.324
48,"North Carolina St.   11 seed, ❌",ACC,41,26-159–11,114.244,99.159,.837048,50.7169,49.5113,13.89,17.5136,28.2196,29.1184,32.0196,31.5139,50.2178,49.0108,34.4152,33.6155,33.3283,36.7155,67.7167,-0.4259
49,Oklahoma,B12,32,20-128–10,113.157,98.442,.831949,53.161,47.436,18.1249,16.5206,30.1125,26.261,37.758,31.1134,53.943,48.9101,34.5144,29.99,38.5146,35.7114,67.2198,+0.650
50,"South Carolina   6 seed, ❌",SEC,34,26-813–5,115.038,100.174,.831250,50.9156,48.467,15.573,14.9307,32.865,27.9123,31.8208,31.6146,50.9148,47.350,33.9178,33.9174,41.184,31.324,63.2351,+4.711
51,"Drake   10 seed, ❌",MVC,34,28-716–4,114.740,100.172,.828351,54.725,50.8195,13.89,17.5136,24.1313,22.52,32.3188,31.3138,54.828,51.3220,36.437,33.3136,39.2123,38.9245,67.9151,+1.631
52,"Oregon   11 seed, ❌",P12,36,24-1212–8,114.245,99.668,.827352,51.9102,51.5239,14.739,17.8120,28.6180,27.3102,32.0196,32.3170,52.683,51.0205,33.8181,34.9250,36.3204,36.9171,67.2204,+1.437
53,Virginia Tech,ACC,34,19-1510–10,115.832,101.396,.823353,53.846,51.0206,16.2114,16.9174,25.0297,26.261,33.0165,30.2117,54.828,51.1212,34.8132,33.8166,41.670,33.960,67.9152,-2.178
54,Iowa,B10,34,19-1510–10,119.517,104.6151,.823054,52.966,52.2270,13.25,16.4211,27.4230,30.3229,33.1162,32.9189,52.975,51.4226,35.1112,35.8305,29.9330,35.9123,71.918,-0.762
55,"Florida Atlantic   8 seed, ❌",Amer,34,25-914–4,116.628,102.4120,.816455,54.725,49.6123,16.2114,16.4211,33.543,29.3194,34.8125,27.347,56.017,49.2119,35.1112,33.6155,39.1127,36.2130,68.1142,+1.139
56,Butler,BE,32,18-159–11,112.564,98.954,.814556,51.9102,50.0147,15.468,16.0247,26.3269,29.0178,26.7334,22.35,51.5124,50.9199,35.0121,32.483,38.0157,37.5195,68.6119,-0.964
57,Providence,BE,35,21-1410–10,108.6120,95.521,.814457,51.5126,47.539,17.5205,17.0164,27.0246,27.8115,31.8208,27.758,53.749,45.515,32.5247,34.3210,44.332,34.168,67.7171,+0.745
58,"Utah St.   8 seed, ❌",MWC,33,28-714–4,114.839,101.395,.809658,54.043,49.8133,15.573,16.4211,27.8214,26.672,39.033,30.6126,56.710,52.8290,32.5247,29.75,33.6275,36.5143,68.8107,+3.117
59,Washington,P12,32,17-159–11,114.741,101.397,.806559,53.550,50.1155,15.995,15.8264,27.1243,28.9174,32.1192,33.1192,53.846,49.9152,35.492,33.7162,36.8191,34.884,71.230,-3.692
60,Bradley,MVC,34,23-1213–7,111.677,98.852,.801560,55.118,47.640,18.1249,18.392,28.1202,28.2138,27.5319,35.1251,54.927,46.528,37.022,33.0116,41.670,38.3218,66.4254,-3.591
61,"Virginia   10 seed, ❌",ACC,34,23-1113–7,104.1207,92.36,.799161,48.6262,46.617,13.04,19.445,25.6288,28.1132,25.3347,25.823,46.2322,47.248,35.870,30.518,32.6294,39.6260,60.2362,+1.632
62,Xavier,BE,34,16-189–11,111.675,99.157,.797962,49.1248,49.5113,16.4134,16.0247,31.981,29.0178,31.8208,29.7109,48.1271,49.2119,34.2159,33.4142,32.0302,35.4103,71.132,-2.176
63,"Grand Canyon   12 seed, ❌",WAC,34,30-517–3,111.280,98.851,.795563,51.4139,45.89,17.8226,19.838,34.131,30.2225,46.73,34.1224,52.1102,44.59,33.5198,32.166,36.1211,34.272,68.3132,+1.434
64,North Texas,Amer,32,19-1510–8,110.688,98.749,.785764,50.8162,48.046,17.7216,19.544,34.035,32.0314,28.8286,38.6303,47.1296,46.836,37.713,33.5147,39.1127,36.1128,61.6360,-6.0124
65,San Francisco,WCC,33,23-1111–5,109.999,98.240,.784165,55.020,49.5113,16.8167,19.838,29.1160,24.316,23.5356,37.9297,56.612,48.384,35.1112,34.3210,40.1104,37.8205,67.2208,-2.479
66,UCF,B12,33,17-167–11,106.5153,95.318,.783666,47.8282,47.943,18.0242,20.428,32.959,26.989,37.266,39.5319,47.5287,45.922,32.2261,34.0185,35.9217,39.6260,68.7109,-3.086
67,SMU,Amer,32,20-1311–7,112.169,100.479,.780767,51.0152,47.227,16.5142,18.770,38.35,31.3290,28.8286,34.0221,50.4170,46.631,34.7139,32.166,35.6225,36.9171,67.6175,-4.4102
68,Maryland,B10,33,16-177–13,106.1165,95.117,.779468,46.7320,46.718,17.5205,18.864,31.791,29.1184,40.816,33.5204,48.8243,45.719,28.9347,32.8109,37.5176,30.113,65.5296,-4.4101
69,Kansas St.,B12,34,19-158–10,107.9136,96.827,.777369,50.2203,46.821,21.2346,16.0247,32.473,30.5245,38.342,33.1192,51.9107,46.836,31.8279,31.233,41.279,36.7155,67.5179,-0.2957
70,USC,P12,33,15-188–12,110.589,99.260,.776370,51.7115,50.2163,17.9235,18.864,29.0167,32.2317,33.6151,31.6146,50.7162,47.451,35.584,36.5325,36.7198,38.8242,68.3136,-5.2115
71,Syracuse,ACC,31,20-1211–9,112.366,100.886,.776171,51.3142,52.8298,15.995,20.133,24.1313,31.8307,34.1138,26.631,51.9107,53.2303,33.4201,34.7241,33.7273,37.0177,70.936,+0.1753
72,UNLV,MWC,32,21-1312–6,112.168,100.987,.771272,51.7115,50.0147,16.2114,17.7126,29.6147,31.4295,33.2158,29.6103,52.391,50.9199,33.7189,32.589,34.6254,39.3251,65.4302,-2.882
73,Georgia,SEC,37,20-176–12,109.6103,98.747,.771173,49.8222,49.8133,16.1110,16.1241,27.1243,30.5245,36.681,29.390,49.0237,49.8147,34.0172,33.1126,40.2103,37.2183,68.8102,-3.994
74,"James Madison   12 seed, ❌",SB,35,32-415–3,111.873,100.784,.769974,53.944,47.227,14.947,19.741,31.886,27.7111,34.9122,35.1251,53.846,48.692,36.056,29.75,37.8163,35.5107,69.963,+1.436
75,Penn St.,B10,33,16-179–11,110.293,99.566,.764475,50.3195,50.2163,15.784,20.723,26.8256,32.2317,35.3106,36.3276,50.5164,52.5282,33.4201,30.314,39.2123,32.841,69.960,-4.9110
76,Boston College,ACC,36,20-168–12,112.959,102.1110,.760376,52.578,50.5180,15.364,15.7272,27.3233,26.364,25.0349,28.166,51.4130,49.6143,36.243,34.6233,38.3152,37.8205,67.0212,-3.489
77,Minnesota,B10,34,19-159–11,113.849,103.1131,.758377,54.141,50.4170,17.7216,16.0247,30.7108,28.8168,34.7127,29.6103,54.633,48.9101,35.584,35.9312,39.1127,30.517,66.7240,-2.883
78,"Duquesne   11 seed, ❌",A10,36,25-1210–8,107.0147,97.031,.755078,50.0215,48.571,17.4203,19.252,29.8139,30.3229,32.5184,35.0249,49.4217,49.0108,33.9178,31.853,39.1127,37.4193,66.2264,-2.177
79,Mississippi,SEC,32,20-127–11,113.554,103.0130,.754579,51.2144,50.2163,15.784,18.1102,30.1125,36.2359,35.1111,32.3170,49.2226,50.0154,36.633,33.8166,35.1238,37.0177,66.9224,-0.560
80,Florida St.,ACC,33,17-1610–10,110.785,100.885,.747380,50.3195,52.2270,16.4134,20.723,28.5185,32.8328,36.873,41.0331,51.5124,51.6234,31.7288,35.4280,31.6307,38.2213,71.033,-3.287
81,Richmond,A10,33,23-1015–3,107.0146,97.434,.747281,52.770,46.924,12.82,17.1161,17.3362,26.672,27.6315,26.631,51.8112,46.836,36.243,31.440,35.4228,40.7288,66.8230,-0.965
82,Indiana,B10,33,19-1410–10,110.097,100.176,.747282,52.191,49.087,17.5205,14.9307,26.9255,29.7212,37.758,31.6146,53.457,47.451,32.4253,34.3210,27.8351,41.2306,68.6118,-0.3658
83,VCU,A10,38,24-1411–7,108.0131,98.441,.745783,51.8109,46.821,18.2263,16.7189,27.8214,26.989,35.0117,34.1224,50.9148,46.735,35.398,31.337,44.235,38.9245,65.5299,-4.196
84,South Florida,Amer,33,25-816–2,110.590,101.089,.737884,51.8109,47.943,15.680,18.579,28.2196,30.5245,37.855,34.6235,49.5213,48.280,36.731,31.544,42.353,37.9208,68.0147,-0.863
85,Miami FL,ACC,32,15-176–14,110.687,101.294,.736585,52.770,51.0206,17.2192,16.6196,28.7178,28.5148,24.6353,22.35,51.6120,52.0250,36.151,33.3136,40.498,46.1358,68.8105,-5.1111
86,LSU,SEC,33,17-169–9,110.883,101.498,.735986,52.383,49.7127,18.6286,18.297,30.7108,31.4295,38.342,33.7210,51.5124,49.4131,35.773,33.5147,37.6172,41.4308,70.058,-3.288
87,"McNeese St.   12 seed, ❌",Slnd,30,30-417–1,111.082,101.699,.733587,54.235,48.360,14.015,22.96,31.981,30.6253,40.124,33.7210,52.293,46.631,38.79,33.4142,33.5278,47.6362,65.6295,+0.651
88,UCLA,P12,32,16-1710–10,108.0133,98.955,.732088,46.6324,50.1155,16.5142,18.1102,29.9134,28.3142,35.896,35.8262,45.2341,49.7144,33.3206,33.7162,30.1328,42.2322,63.2352,-5.3116
89,"Samford   13 seed, ❌",SC,33,29-615–3,112.565,103.1132,.731589,56.88,50.5180,17.8226,21.715,30.1125,31.9310,36.288,37.3289,55.024,50.3171,39.54,33.8166,41.279,39.8272,72.811,+0.0354
90,Memphis,Amer,32,22-1011–7,111.972,102.7126,.728390,52.867,50.0147,18.0242,19.156,33.445,33.6339,36.384,29.6103,52.975,49.3124,35.0121,34.0185,38.9133,42.7334,71.720,-1.167
91,Loyola Chicago,A10,32,23-1015–3,104.7190,96.224,.725491,51.5126,46.413,18.6286,17.8120,27.5224,25.234,33.4157,36.5278,51.0145,43.85,34.9125,34.1195,40.595,35.9123,68.7110,-1.673
92,UC Irvine,BW,33,24-1017–3,108.8113,100.175,.723292,51.8109,46.413,16.7159,17.4139,31.496,27.4105,34.0139,35.2254,51.6120,44.610,34.9125,33.8166,27.7352,30.415,68.5120,-2.984
93,"Yale   13 seed, ❌",Ivy,31,23-1011–3,109.9100,101.192,.722693,52.191,50.4170,14.327,16.2228,27.8214,24.214,27.8310,29.494,51.9107,49.4131,35.0121,34.5226,35.4228,41.5310,64.9318,-2.780
94,Louisiana Tech,CUSA,29,22-1012–4,108.1128,99.565,.722294,50.6174,45.68,18.8293,17.6132,33.838,28.0130,42.011,32.0161,49.0237,43.02,35.773,33.5147,34.6254,36.4136,65.8286,-4.4100
95,Saint Joseph's,A10,35,21-149–9,110.491,101.6100,.721395,53.064,49.087,16.5142,17.6132,29.1160,29.1184,28.7291,28.882,53.072,48.692,35.2105,33.0116,47.812,42.5331,68.4124,-4.7104
96,Massachusetts,A10,31,20-1111–7,111.181,102.4119,.720496,50.6174,48.571,16.0104,18.961,36.513,30.1222,35.896,38.6303,52.683,47.558,31.3302,33.5147,35.1238,38.4224,68.4128,-4.8107
97,Princeton,Ivy,27,24-512–2,114.742,105.7181,.719097,54.628,52.0259,12.01,16.9174,23.9318,24.722,28.3301,25.117,56.514,53.5312,35.2105,33.2132,50.52,39.1248,65.3308,+1.042
98,George Mason,A10,31,20-129–9,108.9111,100.683,.713598,52.097,48.046,18.1249,16.4211,31.791,27.4105,36.777,31.8154,52.391,45.011,34.3156,34.8245,37.5176,41.6311,63.9343,-4.8105
99,"College of Charleston   13 seed, ❌",CAA,34,27-815–3,113.750,105.5178,.704499,52.288,51.2216,14.327,16.2228,33.740,26.467,27.2326,29.390,52.589,50.8193,34.7139,34.5226,46.917,36.9171,70.351,-1.775
100,Appalachian St.,SB,32,27-716–2,106.6151,99.361,.6941100,52.770,45.46,15.261,14.5316,29.4150,27.8115,31.6216,20.72,53.943,44.07,33.2209,32.166,31.5308,32.638,67.0218,-1.269
101,Belmont,MVC,32,20-1312–8,109.5104,102.2116,.6891101,55.020,51.1209,16.7159,16.4211,21.0354,27.5108,30.3251,27.041,54.535,52.2262,37.220,33.0116,41.964,39.8272,71.328,-5.3117
102,Stanford,P12,32,14-188–12,110.098,102.8127,.6853102,54.333,51.9255,17.8226,15.5279,23.2332,27.3102,28.6292,25.320,53.651,50.9199,36.923,35.7296,41.184,37.6201,69.771,-7.1141
103,Arkansas,SEC,33,16-176–12,110.096,102.9128,.6842103,50.5183,50.4170,16.3124,15.1299,25.2293,29.8216,45.35,39.0310,51.8112,50.1163,31.8279,33.9174,32.9292,34.168,70.838,-4.9109
104,Rutgers,B10,32,15-177–13,98.4300,92.05,.6825104,43.5357,47.227,16.6152,21.715,30.2121,31.3290,32.9170,34.3228,43.7354,46.023,28.7349,32.7102,31.7305,39.4253,67.9153,-3.893
105,St. Bonaventure,A10,33,20-139–9,111.279,104.1147,.6804105,52.383,51.1209,16.2114,19.252,29.7145,28.5148,32.2190,33.9218,50.8151,51.8242,36.535,33.5147,36.7198,40.7288,65.6294,-5.1112
106,Northern Iowa,MVC,32,19-1412–8,109.3106,102.5123,.6766106,51.6121,52.2270,15.261,16.5206,23.9318,22.52,37.463,30.5123,51.9107,52.0250,34.1164,35.0254,36.8191,41.1301,66.6241,-5.2114
107,Charlotte,Amer,30,19-1213–5,108.7119,102.1111,.6714107,50.8162,48.571,15.573,15.2294,26.1273,29.0178,35.2108,31.5139,53.268,49.5136,31.3302,31.131,38.2153,36.6148,62.6356,-5.1113
108,"UAB   12 seed, ❌",Amer,34,23-1212–6,113.256,106.5195,.6669108,50.0215,51.0206,16.8167,16.2228,35.420,31.3290,40.618,31.5139,50.1189,50.2166,33.1218,34.8245,31.5308,36.6148,67.8165,-2.881
109,Hofstra,CAA,32,20-1312–6,108.4123,102.1109,.6663109,55.415,49.087,15.784,17.7126,22.9339,29.7212,22.3360,29.085,55.520,46.942,36.825,34.6233,46.120,42.4327,65.7287,-6.5132
110,Oklahoma St.,B12,32,12-204–14,108.8116,102.5122,.6650110,51.3142,51.3221,18.8293,16.8185,27.5224,28.5148,34.0139,27.656,52.293,51.5230,33.4201,34.0185,43.243,32.943,67.2202,-8.2162
111,Cornell,Ivy,28,22-811–3,112.070,105.8183,.6593111,56.59,51.3221,17.0181,18.392,26.8256,31.7305,28.0304,32.5178,61.72,52.0250,34.0172,33.6155,48.77,41.8315,71.721,-1.774
112,Western Carolina,SC,29,22-1011–7,108.1130,102.1112,.6570112,51.7115,47.227,14.739,13.3347,29.1160,24.214,27.7313,32.4176,49.8205,45.515,36.825,33.9174,35.5226,31.832,66.9219,-5.4118
113,"Vermont   13 seed, ❌",AE,33,28-715–1,104.3199,98.748,.6520113,51.6121,46.821,13.914,15.1299,22.3346,23.58,29.2277,26.837,52.975,46.528,33.3206,31.544,43.937,36.5143,63.3350,-1.471
114,UT Arlington,WAC,32,20-1413–7,109.3107,103.5139,.6509114,52.191,49.087,21.5354,18.673,32.865,29.4198,39.033,42.0338,51.3134,47.451,35.492,34.6233,42.846,35.5107,70.935,-6.3129
115,Seattle,WAC,36,23-1411–9,104.4196,99.363,.6405115,50.7169,46.311,18.4278,17.4139,29.9134,25.646,34.6131,35.8262,50.1189,47.762,34.5144,29.12,37.8163,33.960,66.8226,-8.2164
116,Michigan,B10,32,8-243–17,110.294,104.9159,.6395116,51.1147,52.5285,18.6286,13.7341,30.7108,30.4238,32.0196,30.5123,49.5213,51.7237,35.962,36.1319,38.0157,32.638,67.5180,-9.5192
117,Southern Illinois,MVC,31,19-1311–9,108.8114,103.6140,.6382117,52.578,50.1155,16.8167,16.2228,26.1273,25.646,35.994,36.5278,53.457,52.1257,34.3156,30.415,43.838,30.517,64.4335,-6.4130
118,Santa Clara,WCC,32,20-1310–6,108.7118,103.5138,.6376118,52.383,48.467,18.2263,14.4321,34.131,26.157,31.6216,33.3198,52.683,48.9101,34.5144,31.751,38.5146,37.0177,69.286,-4.095
119,California,P12,32,13-199–11,108.0132,103.2133,.6289119,49.2246,51.3221,16.2114,14.7314,28.6180,26.779,29.2277,33.1192,48.0274,50.0154,33.8181,35.7296,42.060,36.2130,68.5121,-7.6148
120,Davidson,A10,30,15-175–13,105.0184,100.478,.6279120,48.9254,49.4111,16.3124,17.2154,26.1273,27.8115,33.5154,32.8186,50.8151,49.5136,30.7323,32.8109,40.0105,42.0317,65.6292,-8.9174
121,Georgia Tech,ACC,32,14-187–13,108.6121,103.8143,.6266121,48.7258,49.299,17.7216,12.8356,31.694,28.5148,29.2277,31.6146,48.6254,49.5136,32.6245,32.696,40.595,39.4253,67.6177,-5.5120
122,Troy,SB,29,20-1213–5,106.9148,102.3118,.6232122,50.1210,49.8133,19.6325,20.822,34.827,30.7261,41.314,39.8323,48.2267,47.762,35.398,35.9312,40.0105,33.754,69.766,-7.5146
123,High Point,BSth,34,27-913–3,114.543,109.7258,.6209123,52.383,50.1155,15.995,13.9337,36.810,26.157,43.27,37.4290,54.040,49.3124,33.0221,34.5226,39.4116,31.626,68.6112,-4.399
124,Notre Dame,ACC,33,13-207–13,102.6223,98.443,.6173124,47.6288,48.256,19.1310,15.2294,28.4189,26.779,27.9309,27.452,47.5287,47.869,31.8279,32.589,43.342,36.8166,64.4334,-7.6147
125,"Oakland   14 seed, ❌",Horz,36,24-1215–5,108.8112,104.6150,.6132125,51.9102,50.6187,15.995,16.2228,30.4118,28.8168,30.8236,26.938,51.0145,50.5176,35.584,33.9174,41.474,40.9294,66.6242,-4.398
126,UNC Wilmington,CAA,28,21-1012–6,112.862,108.4235,.6108126,51.1147,51.7249,12.82,17.1161,29.9134,30.6253,32.9170,33.1192,52.1102,50.8193,33.0221,35.5284,39.7113,36.7155,65.2311,-4.8106
127,Arizona St.,P12,32,14-188–12,103.3218,99.564,.6072127,47.3295,51.7249,14.843,19.445,21.8351,29.7212,33.1162,31.2135,48.6254,52.2262,30.1327,34.0185,37.7167,39.2250,69.187,-5.8123
128,Sam Houston St.,CUSA,31,21-1213–3,105.9168,102.1113,.6036128,48.6262,49.8133,18.8293,19.058,32.077,27.096,34.7127,37.0285,46.5317,50.5176,35.1112,32.589,35.0244,39.3251,67.8159,-5.8122
129,Drexel,CAA,31,20-1213–5,107.2144,103.4136,.6017129,50.6174,47.842,16.5142,13.1352,33.642,24.518,30.0257,26.733,50.3175,48.280,34.1164,31.440,33.2287,35.4103,64.6331,-6.7135
130,"Western Kentucky   15 seed, ❌",CUSA,31,22-128–8,105.5173,101.8103,.6011130,51.7115,48.678,18.4278,18.489,28.8174,26.779,32.1192,33.0190,51.8112,48.692,34.3156,32.483,31.1317,40.5286,75.11,-6.6134
131,"Morehead St.   14 seed, ❌",OVC,31,26-914–4,107.5138,103.8144,.5974131,54.235,46.413,18.2263,15.4284,31.981,26.570,30.6242,32.3170,55.122,45.820,35.398,31.853,45.224,31.626,64.3336,-3.490
132,Missouri,SEC,32,8-240–18,108.4124,104.9163,.5921132,50.2203,51.4233,16.8167,18.770,26.8256,35.8358,31.7213,42.5340,51.8112,51.2216,31.9277,34.4221,39.7113,39.8272,66.7234,-11.4232
133,West Virginia,B12,32,9-234–14,108.8115,105.4175,.5908133,49.6232,52.1269,18.3271,15.0305,26.6259,30.4238,37.168,28.166,47.8280,51.9246,34.9125,34.9250,37.4182,43.0339,68.4126,-10.1203
134,Wichita St.,Amer,33,15-195–13,104.9186,101.7101,.5898134,49.8222,48.571,17.8226,14.8310,31.886,28.7163,26.4338,28.370,49.9197,48.178,33.0221,32.7102,31.5308,37.8205,68.2137,-11.3228
135,Arkansas St.,SB,37,20-1711–7,112.763,109.2246,.5897135,51.5126,50.5180,15.995,14.2326,34.529,28.8168,32.9170,34.8241,51.4130,49.7144,34.4152,35.2266,42.846,26.93,68.1143,-9.0176
136,Tarleton St.,WAC,32,25-1016–4,108.5122,105.1168,.5885136,50.0215,50.4170,16.6152,20.036,30.1125,32.7325,30.4246,34.0221,50.0192,50.4174,33.3206,33.5147,30.4325,36.3134,66.7239,-2.985
137,"Akron   14 seed, ❌",MAC,33,24-1113–5,105.1178,101.9105,.5878137,51.7115,49.194,16.9174,16.7189,29.2157,25.646,32.7178,29.494,54.730,50.8193,31.7288,30.721,41.670,36.8166,65.8283,-4.6103
138,"South Dakota St.   15 seed, ❌",Sum,32,22-1312–4,108.2127,105.2170,.5815138,55.217,51.3221,16.6152,16.4211,24.4303,25.132,30.1256,27.041,55.619,49.5136,36.437,35.5284,40.498,46.9361,67.9150,-7.7150
139,UC San Diego,BW,31,21-1215–5,110.884,107.8221,.5777139,52.383,50.4170,14.431,16.9174,27.8214,27.8115,32.4187,29.598,52.293,50.4174,34.9125,33.6155,41.766,35.7114,65.5300,-6.3128
140,Youngstown St.,Horz,28,22-1014–6,107.0145,104.5149,.5680140,50.4188,49.087,15.573,16.5206,33.936,28.7163,29.3272,30.7129,52.293,47.971,31.9277,34.0185,42.254,35.7114,69.096,-6.0126
141,UNC Greensboro,SC,30,21-1112–6,109.0109,106.6198,.5622141,53.258,49.5113,16.3124,17.7126,29.3155,30.5245,27.3324,35.8262,49.2226,48.074,38.98,34.3210,44.036,44.2347,64.9321,-5.6121
142,Missouri St.,MVC,33,17-168–12,104.0209,102.0106,.5576142,49.7229,48.046,17.3196,13.1352,29.1160,24.722,31.5220,24.916,51.2138,47.044,31.4299,33.0116,36.8191,38.8242,67.9155,-8.0158
143,Ohio,MAC,32,20-1313–5,107.9135,105.8185,.5552143,52.288,49.299,14.119,19.252,28.0204,31.9310,32.1192,34.7238,51.9107,48.487,35.1112,33.8166,41.474,37.1180,67.4188,-9.2182
144,Toledo,MAC,32,20-1214–4,111.674,109.5253,.5539144,53.353,54.5345,15.156,18.579,29.0167,28.5148,35.4102,26.330,52.0105,56.4359,37.713,34.2204,28.6345,37.2183,69.476,-6.5131
145,St. Thomas,Sum,30,20-139–7,106.9149,104.9159,.5538145,54.431,52.0259,14.843,18.579,24.0316,25.540,29.4269,29.085,55.024,52.8290,35.773,33.8166,46.021,39.6260,63.0354,-9.2183
146,Wright St.,Horz,30,18-1413–7,115.833,113.7339,.5530146,58.52,55.3354,16.5142,16.3224,28.9170,28.1132,33.6151,30.0114,58.85,55.0344,38.410,37.1344,29.3338,37.7203,71.524,-9.4185
147,Towson,CAA,33,20-1411–7,102.4224,100.680,.5525147,47.3295,48.360,19.2314,16.9174,39.82,27.2100,34.7127,31.7151,46.4319,47.451,32.8235,33.3136,34.1266,36.9171,62.3358,-7.4144
148,Liberty,CUSA,29,18-147–9,108.4125,106.5194,.5508148,54.333,50.8195,16.2114,17.0164,24.5302,25.540,26.7334,30.3120,55.024,51.9246,35.773,32.378,46.818,32.638,64.5333,-8.3167
149,Louisiana Lafayette,SB,31,19-1410–8,105.0183,103.2134,.5507149,50.7169,49.9142,16.8167,20.625,30.8107,32.9331,28.6292,40.1325,51.7117,53.7315,32.6245,27.91,36.2209,32.135,68.6111,-8.7171
150,Tulane,Amer,30,14-175–13,109.4105,107.5217,.5498150,54.141,51.1209,15.156,17.3146,20.5357,32.7325,45.54,32.7183,54.535,50.2166,35.584,34.9250,35.7222,42.0317,72.98,-9.6194
151,Oregon St.,P12,31,13-195–15,106.4155,104.7153,.5468151,49.8222,51.3221,18.3271,16.8185,26.2272,31.1279,35.699,35.9265,49.9197,52.3269,33.1218,33.2132,34.0270,37.9208,65.2312,-7.8153
152,Furman,SC,30,17-1610–8,109.0110,107.6218,.5363152,52.191,52.9305,15.995,16.2228,29.4150,26.672,31.0230,28.576,54.339,53.9322,33.2209,34.1195,48.29,35.090,68.998,-10.3209
153,Wyoming,MWC,30,15-178–10,108.1129,106.9205,.5302153,50.9156,52.8298,18.5283,15.9256,28.6180,29.1184,38.051,27.861,49.0237,53.7315,36.151,34.4221,37.0188,40.0278,67.2199,-7.6149
154,Chattanooga,SC,31,21-1212–6,109.7102,108.6240,.5284154,54.823,49.9142,17.1184,14.5316,27.2240,28.8168,30.9233,27.347,56.116,47.971,35.773,35.1262,50.52,42.0317,66.9220,-6.9137
155,Murray St.,MVC,31,12-209–11,107.3140,106.3189,.5258155,50.0215,54.5345,14.431,17.9115,26.5262,25.540,29.6266,27.758,51.3134,53.8319,31.6292,37.0340,35.3231,42.8335,64.5332,-12.4258
156,Delaware,CAA,32,19-1410–8,104.5194,103.8145,.5174156,51.9102,48.780,16.0104,15.1299,27.5224,27.9123,30.9233,27.143,53.268,49.7144,33.0221,31.337,35.7222,36.4136,67.4185,-9.2181
157,UTEP,CUSA,31,18-167–9,98.3301,97.836,.5127157,48.1275,51.5239,21.2346,25.91,29.0167,31.0273,42.88,46.3355,48.8243,53.2303,31.0316,32.166,31.3312,33.960,69.770,-10.6214
158,Stony Brook,CAA,34,20-1510–8,106.4157,106.1187,.5082158,50.3195,50.0147,15.156,15.2294,26.6259,29.3194,29.2277,27.452,48.6254,48.487,35.584,34.8245,36.8191,42.3325,67.5182,-8.0156
159,UC Davis,BW,31,20-1314–6,102.3228,102.1107,.5075159,50.2203,49.194,19.3318,20.921,28.6180,30.6253,38.246,38.4301,50.8151,49.1113,32.9229,32.7102,37.4182,33.146,67.2201,-8.5169
160,Weber St.,BSky,29,20-1211–7,107.4139,107.2216,.5036160,53.161,54.4341,14.843,18.489,23.8322,23.710,35.2108,29.390,53.943,55.2348,34.5144,35.4280,38.7138,36.7155,65.5298,-7.4143
161,Montana,BSky,33,24-1212–6,110.195,110.1271,.4994161,54.725,50.7191,15.156,14.0334,25.3292,26.883,28.8286,34.4231,55.221,50.5176,35.962,34.2204,37.6172,31.832,66.1266,-6.0125
162,"Colgate   14 seed, ❌",Pat,34,25-1016–2,102.8221,102.9129,.4982162,53.353,47.943,16.2114,16.2228,25.1296,24.826,27.5319,24.513,53.457,49.1113,35.584,30.823,38.1155,40.0278,66.3259,-4.297
163,Winthrop,BSth,29,17-158–8,106.3160,106.4192,.4955163,51.9102,49.5113,18.7292,18.297,30.4118,32.9331,50.01,34.3228,52.878,50.6180,33.7189,32.061,39.4116,41.1301,67.0215,-9.5189
164,Quinnipiac,MAAC,33,24-1015–5,105.1180,105.3173,.4952164,50.3195,48.985,17.1184,17.7126,31.694,28.1132,30.4246,28.984,49.6209,47.762,34.5144,33.9174,34.2264,36.7155,71.231,-5.5119
165,East Carolina,Amer,32,15-187–11,105.1181,105.4176,.4904165,47.6288,51.3221,16.3124,18.770,32.769,31.0273,34.0139,32.7183,48.1271,52.5282,31.2307,33.1126,36.5201,43.3343,64.9317,-10.9219
166,Fort Wayne,Horz,34,23-1311–9,103.6215,103.9146,.4901166,53.550,51.6245,14.739,21.715,23.0337,29.2192,29.8262,32.8186,53.170,53.1302,36.056,32.7102,42.649,36.4136,70.837,-7.8154
167,Eastern Washington,BSky,30,21-1115–3,110.786,111.1293,.4888167,57.24,52.8298,19.0304,16.3224,26.4266,27.198,39.628,33.5204,58.76,51.0205,36.825,36.9336,42.060,41.8315,70.643,-4.9108
168,UMass Lowell,AE,29,22-1011–5,105.2177,105.7182,.4849168,50.4188,47.332,18.2263,15.5279,32.176,26.989,40.124,26.938,51.3134,49.1113,32.3256,29.23,29.2340,33.754,69.865,-6.1127
169,Kent St.,MAC,32,17-178–10,105.3175,105.9186,.4837169,50.7169,51.3221,17.2192,18.579,31.0105,28.7163,31.9203,34.9246,48.5259,52.6286,36.056,33.0116,39.2123,39.7268,66.7236,-11.6236
170,Bryant,AE,31,20-1311–5,100.2266,101.089,.4772170,50.7169,45.46,15.893,16.7189,20.4359,30.2225,29.9260,33.8214,51.7117,45.011,32.7241,30.823,37.7167,35.192,74.33,-7.3142
171,UNC Asheville,BSth,31,22-1212–4,106.2161,107.0208,.4771171,52.191,50.1155,17.1184,16.9174,27.3233,31.4295,40.816,34.3228,50.5164,50.6180,36.437,32.9113,37.3185,35.8119,68.3135,-6.8136
172,Utah Valley,WAC,30,16-1611–9,98.7292,99.567,.4765172,47.1304,48.046,18.1249,18.1102,28.5185,27.2100,35.4102,36.0270,48.9240,47.659,28.5352,32.696,28.9343,34.680,67.8164,-9.6195
173,La Salle,A10,32,16-176–12,106.0166,107.0206,.4737173,49.2246,50.7191,14.223,15.4284,27.0246,30.8266,24.8351,33.3198,47.6285,49.3124,34.5144,35.8305,39.8111,32.841,66.8228,-9.8198
174,Hawaii,BW,32,20-1411–9,104.2202,105.2169,.4736174,52.674,48.571,18.6286,15.7272,25.8283,25.335,39.033,33.6208,53.846,49.3124,34.0172,30.823,42.452,25.41,66.0270,-9.4188
175,Georgetown,BE,32,9-232–18,109.8101,110.8283,.4730175,48.6262,55.7358,17.9235,16.4211,33.445,30.7261,33.9144,33.6208,46.3320,57.4360,34.6142,35.3275,41.087,38.2213,66.7235,-10.4210
Rk,Team,Conf,G,Rec,AdjOE,AdjDE,Barthag,Efg%,EfgD%,TOR,TORD,ORB,DRB,FTR,FTRD,2P%,2P%D,3P%,3P%D,3PR,3PRD,Adj T.,WAB
176,Saint Louis,A10,32,13-205–13,111.676,112.8329,.4690176,51.5126,54.3340,16.8167,14.2326,26.1273,28.5148,36.384,35.3255,49.6209,53.9322,36.437,36.6328,37.8163,42.4327,69.573,-11.1221
177,Illinois Chicago,MVC,32,12-214–16,100.8259,101.9104,.4683177,50.6174,48.985,17.7216,17.4139,22.9339,28.4145,26.0340,35.9265,48.4260,49.2119,36.056,32.275,40.891,35.090,68.2138,-13.4279
178,Little Rock,OVC,34,21-1314–4,105.9167,107.1213,.4683178,52.674,48.256,17.5205,17.8120,31.981,30.0220,32.8175,35.4256,53.072,48.178,34.5144,32.378,31.1317,38.4224,69.094,-9.6196
179,Loyola Marymount,WCC,30,12-195–11,108.3126,109.7257,.4622179,51.6121,50.4170,16.3124,12.4359,29.4150,27.198,28.8286,28.370,49.2226,49.8147,36.825,34.3210,39.9108,31.730,64.9319,-11.8241
180,Brown,Ivy,30,13-188–6,104.1206,105.5179,.4612180,49.7229,51.2216,18.3271,16.8185,31.981,27.3102,33.0165,32.1165,49.2226,52.2262,33.7189,33.1126,40.794,38.2213,67.3195,-12.0246
181,"Longwood   16 seed, ❌",BSth,32,21-146–10,104.1205,105.5180,.4604181,49.1248,51.9255,18.3271,19.445,36.314,25.953,39.529,36.2273,48.4260,51.4226,34.0172,35.1262,28.4346,39.6260,66.9225,-8.8173
182,East Tennessee St.,SC,33,19-168–10,102.2235,103.8142,.4557182,46.9312,50.9198,18.1249,18.864,35.123,29.4198,33.9144,36.7282,47.1296,51.2216,31.2307,33.7162,40.990,38.5229,67.0214,-9.8199
183,Fordham,A10,33,13-206–12,100.6262,102.3117,.4518183,46.7320,50.4170,18.2263,19.741,32.572,27.4105,35.1111,45.2352,46.2322,48.9101,31.5296,35.9312,42.156,31.021,68.9100,-12.6263
184,Temple,Amer,35,16-205–13,102.4225,104.2148,.4487184,46.0334,50.4170,14.119,17.0164,28.2196,29.7212,32.1192,36.0270,44.9345,51.3220,31.7288,32.696,42.156,38.6236,66.9221,-11.8239
185,Stephen F. Austin,WAC,31,18-1510–10,100.3263,102.2114,.4482185,49.4238,49.6123,21.9357,22.96,33.349,30.4238,42.29,47.4359,49.2226,46.023,33.2209,37.1344,32.1301,36.6148,69.475,-9.4187
186,Pepperdine,WCC,31,13-205–11,106.2162,108.2230,.4449186,50.8162,54.7351,16.4134,16.9174,28.5185,25.953,32.6181,33.9218,49.5213,53.4310,35.681,38.4358,32.4297,31.626,67.6176,-12.2253
187,Vanderbilt,SEC,32,9-234–14,104.4198,106.4193,.4440187,45.4345,53.0309,15.364,15.9256,28.2196,29.3194,35.2108,29.598,47.4290,51.0205,28.3354,37.4349,39.3121,39.6260,65.8284,-10.6215
188,Texas A&M Corpus Chris,Slnd,29,21-1214–4,99.8277,101.8102,.4439188,46.3329,48.046,17.6213,19.838,33.936,25.132,36.384,47.3358,47.3294,48.897,29.4339,31.029,29.7335,36.4136,68.8106,-6.6133
189,Rice,Amer,31,11-215–13,107.2143,109.4250,.4429189,50.5183,52.6290,17.3196,14.8310,28.5185,29.5205,29.9260,27.452,50.9148,50.0154,33.2209,37.9353,39.4116,38.3218,65.9274,-13.1272
190,Louisville,ACC,32,8-243–17,104.8188,107.0207,.4401190,48.4267,54.6350,18.1249,16.2228,28.1202,27.5108,38.836,33.8214,49.4217,53.8319,30.6324,37.2347,31.2314,39.1248,69.769,-12.3255
191,"Long Beach St.   15 seed, ❌",BW,34,21-1510–10,105.1179,107.6220,.4317191,48.5265,51.1209,17.1184,18.392,33.251,29.4198,37.855,32.3170,49.3220,49.9152,30.9320,35.1262,28.1348,43.7345,71.623,-8.3168
192,Fairfield,MAAC,36,24-1314–6,107.2141,109.8263,.4311192,52.097,52.5285,15.573,20.231,27.9206,30.6253,28.4298,25.823,50.4170,53.3306,36.243,34.1195,42.060,36.8166,68.4125,-8.1161
193,Illinois St.,MVC,31,15-179–11,102.4226,104.9162,.4297193,47.7285,50.9198,17.1184,16.4211,28.9170,26.056,36.192,27.245,50.4170,52.3269,28.8348,32.589,37.5176,39.6260,63.8344,-10.1205
194,UMKC,Sum,29,16-1610–6,100.7260,103.4137,.4254194,49.4238,51.1209,17.9235,17.3146,31.399,25.335,29.3272,45.1351,48.9240,52.7288,33.4201,32.483,43.441,37.5195,66.6244,-11.2224
195,Northern Kentucky,Horz,31,18-1512–8,102.1238,104.9161,.4233195,50.6174,51.3221,17.3196,20.133,29.4150,32.6322,35.1111,28.882,52.293,54.5337,31.6292,31.233,33.5278,41.6311,68.0145,-9.6193
196,Gardner Webb,BSth,30,17-1611–5,102.2236,105.0165,.4221196,49.1248,50.3166,16.1110,16.0247,27.9206,26.779,35.994,39.4316,47.4290,50.0154,34.8132,34.0185,35.3231,33.960,69.574,-10.3208
197,Texas St.,SB,33,17-187–11,99.3284,102.2115,.4185197,47.1304,49.7127,19.9328,18.673,31.2102,29.4198,37.855,38.3299,47.1296,50.6180,31.4299,32.166,24.3361,35.4103,66.5250,-10.6212
198,Monmouth,CAA,33,18-1510–8,105.0185,108.0225,.4180198,49.4238,50.0147,15.364,17.8120,30.5116,32.2317,29.2277,33.3198,47.8280,49.3124,34.8132,34.0185,36.3204,43.2342,67.8157,-8.6170
199,Penn,Ivy,27,11-183–11,108.7117,112.0314,.4156199,51.9102,54.0333,16.7159,14.0334,29.1160,26.672,27.0331,26.733,51.2138,53.9322,35.398,36.1319,43.144,43.7345,65.6290,-11.4231
200,Rhode Island,A10,31,12-206–12,106.1164,109.4251,.4139200,51.5126,52.6290,18.5283,13.1352,29.1160,28.2138,39.431,30.0114,51.1143,52.0250,34.9125,35.7296,33.4281,39.5256,68.8108,-12.2254
Rk,Team,Conf,G,Rec,AdjOE,AdjDE,Barthag,Efg%,EfgD%,TOR,TORD,ORB,DRB,FTR,FTRD,2P%,2P%D,3P%,3P%D,3PR,3PRD,Adj T.,WAB
201,Tulsa,Amer,30,16-157–11,101.6245,104.8155,.4130201,50.3195,49.7127,18.2263,18.1102,24.4303,30.4238,40.618,35.1251,51.7117,50.0154,32.1270,32.7102,41.279,38.7241,70.644,-9.4184
202,George Washington,A10,31,15-174–14,106.4156,109.8262,.4098202,51.5126,49.8133,17.1184,13.9337,25.9278,29.2192,34.2136,22.89,49.9197,48.384,35.870,34.7241,41.670,38.5229,70.253,-10.2207
203,Eastern Kentucky,ASun,28,17-1412–4,106.8150,110.3274,.4094203,50.6174,49.8133,16.1110,13.9337,33.155,31.0273,32.0196,29.598,48.8243,45.618,36.151,38.7359,33.6275,33.450,68.6115,-9.5191
204,Cleveland St.,Horz,35,21-1511–9,105.1182,108.5238,.4086204,49.4238,51.4233,14.947,19.349,33.445,34.5350,31.0230,37.4290,49.3220,55.2348,33.1218,30.010,31.2314,38.0211,67.5178,-8.7172
205,Columbia,Ivy,24,13-144–10,106.6152,110.1270,.4076205,52.578,52.8298,17.8226,17.0164,27.9206,28.6158,29.3272,28.576,50.2178,54.1329,37.418,33.9174,38.5146,42.2322,68.6113,-10.0201
206,"Montana St.   16 seed, ❌",BSky,32,17-189–9,103.6216,107.1210,.4050206,54.235,52.3277,16.7159,18.579,20.5357,28.9174,30.6242,36.9284,53.651,54.0326,36.731,32.7102,41.766,34.781,68.6114,-12.8269
207,Radford,BSth,31,16-175–11,107.6137,111.4304,.4015207,50.8162,50.9198,16.2114,15.8264,30.7108,34.0345,28.0304,31.7151,49.4217,52.4278,35.773,32.483,34.2264,39.7268,63.7346,-11.2225
208,Abilene Christian,WAC,33,16-1810–10,101.1258,104.7154,.4002208,47.1304,51.6245,17.7216,20.231,25.9278,30.4238,37.953,39.9324,45.7333,53.0298,34.1164,32.589,26.4356,31.626,68.6117,-11.1220
209,Mercer,SC,30,16-178–10,104.1208,107.9222,.3981209,50.1210,51.2216,16.6152,17.9115,30.6114,31.1279,27.6315,38.9308,48.8243,51.2216,35.492,34.2204,30.1328,36.9171,66.1268,-11.6233
210,Evansville,MVC,34,17-186–14,101.1257,104.8158,.3977210,50.1210,52.4281,16.6152,17.2154,21.4353,26.157,28.3301,28.370,49.9197,51.7237,33.6194,35.5284,34.9247,43.0339,68.6116,-9.1179
211,Jacksonville St.,CUSA,29,14-186–10,101.4252,105.1167,.3975211,48.2273,50.5180,20.3339,18.297,33.838,25.335,37.266,34.9246,48.3264,49.4131,32.2261,34.9250,28.3347,36.2130,64.7327,-13.0271
212,Northeastern,CAA,32,12-207–11,105.3176,109.3248,.3961212,51.2144,53.8329,18.9299,17.0164,31.886,27.7111,29.8262,28.370,53.365,52.3269,31.8279,37.5350,36.1211,38.8242,65.8281,-14.2302
213,Northern Colorado,BSky,31,19-1412–6,106.2163,110.3279,.3909213,55.118,52.5285,15.784,15.4284,23.9318,25.029,27.8310,29.187,56.415,52.0250,35.1112,35.6291,35.9217,39.4253,70.059,-9.1178
214,Harvard,Ivy,26,14-135–9,101.1256,105.2171,.3880214,50.2203,50.1155,17.8226,16.0247,26.5262,31.3290,35.798,25.823,49.9197,49.5136,33.8181,33.9174,39.4116,40.8291,67.6172,-7.7152
215,Lipscomb,ASun,30,20-1211–5,109.2108,113.8343,.3852215,56.211,53.5322,14.223,16.1241,23.2332,29.3194,27.5319,22.89,55.718,52.8290,38.111,36.5325,39.8111,36.6148,69.382,-7.4145
216,Marist,MAAC,31,18-1312–8,96.5323,100.682,.3822216,50.8162,47.125,18.4278,20.428,23.1335,26.883,29.8262,35.0249,49.3220,46.836,35.681,31.853,36.4202,38.3218,64.7328,-10.1204
217,South Alabama,SB,29,16-168–10,103.2220,107.6219,.3813217,50.9156,50.7191,16.3124,16.7189,22.8342,31.8307,31.6216,33.9218,50.0192,52.3269,35.1112,31.958,36.1211,36.1128,68.2141,-11.2226
218,"Saint Peter's   15 seed, ❌",MAAC,32,19-1412–8,96.9317,101.293,.3801218,44.6353,47.125,19.2314,20.428,34.529,29.9217,38.051,42.5340,42.3359,46.631,33.2209,32.166,31.5308,34.989,64.1338,-8.9175
219,UC Riverside,BW,32,16-1810–10,103.8212,108.3233,.3799219,46.3329,52.3277,14.327,15.8264,29.8139,25.335,28.6292,34.8241,44.6347,52.0250,32.3256,35.3275,42.254,33.349,67.0217,-11.9243
220,Merrimack,NEC,31,21-1213–3,95.9328,100.173,.3790220,49.8222,46.210,19.0304,23.25,22.3346,34.6351,34.3132,32.5178,52.293,46.126,31.1313,30.928,43.144,31.223,67.3194,-7.7151
221,Wofford,SC,29,17-1510–8,105.7170,110.3276,.3789221,53.353,51.5239,16.9174,14.1332,29.4150,26.261,27.7313,34.6235,53.457,50.0154,35.584,35.7296,45.323,42.8335,65.7288,-9.1177
222,Cal Baptist,WAC,31,16-178–12,101.8243,106.4191,.3757222,47.0309,49.299,17.6213,15.3292,32.769,24.927,36.873,30.3120,45.7333,48.487,32.9229,34.3210,36.0216,26.82,63.6348,-11.8242
223,Rider,MAAC,31,15-1712–8,102.2234,106.9204,.3740223,47.7285,49.299,17.9235,16.0247,31.496,29.0178,31.9203,36.5278,46.6314,47.762,33.7189,34.4221,28.1348,38.2213,68.0148,-11.2227
224,San Jose St.,MWC,31,9-232–16,104.7189,109.6254,.3726224,51.4139,54.4341,15.680,15.9256,22.4345,30.2225,22.4359,35.9265,51.5124,52.3269,34.2159,38.9361,42.060,35.192,65.9277,-14.1294
225,North Dakota,Sum,29,18-1410–6,104.8187,109.7259,.3718225,50.2203,52.4281,15.051,15.3292,30.7108,26.157,32.2190,29.6103,51.5124,52.2262,32.3256,35.2266,41.865,33.960,66.8229,-10.1206
Rk,Team,Conf,G,Rec,AdjOE,AdjDE,Barthag,Efg%,EfgD%,TOR,TORD,ORB,DRB,FTR,FTRD,2P%,2P%D,3P%,3P%D,3PR,3PRD,Adj T.,WAB
226,Mount St. Mary's,MAAC,32,13-199–11,102.2237,107.2215,.3639226,53.258,49.3106,20.7342,18.0110,30.2121,27.9123,26.7334,30.3120,53.365,48.074,35.2105,34.6233,33.3283,34.884,69.091,-15.0308
227,Tennessee Martin,OVC,28,21-1114–4,105.4174,110.8286,.3589227,50.5183,49.3106,15.051,13.2349,27.0246,26.364,32.8175,24.614,48.2267,49.4131,36.243,32.8109,38.1155,41.0296,72.97,-6.9138
228,Cal St. Fullerton,BW,30,14-187–13,99.3283,104.6152,.3557228,48.0279,49.9142,18.1249,17.9115,24.3306,29.6209,38.638,35.6259,47.7282,51.3220,32.2261,31.853,36.2209,38.6236,66.4252,-11.9244
229,Air Force,MWC,31,9-222–16,106.3158,112.2317,.3514229,53.846,54.2338,18.8293,17.6132,23.8322,31.5300,29.6266,39.1311,53.651,53.7315,36.151,36.6328,47.215,36.7155,62.0359,-13.8288
230,Georgia St.,SB,29,14-178–10,104.1204,109.8264,.3514230,48.5265,49.3106,13.89,14.2326,27.2240,30.5245,28.6292,35.9265,48.6254,51.2216,32.2261,30.823,35.3231,38.5229,68.0146,-11.8240
231,Bowling Green,MAC,32,20-1410–8,101.5249,107.1211,.3497231,48.1275,51.2216,16.3124,16.1241,30.5116,25.540,35.1111,27.143,50.3175,49.1113,29.3342,36.7330,34.8249,34.578,67.7169,-9.5190
232,UTSA,Amer,31,11-215–13,106.4154,112.4322,.3467232,48.3271,51.9255,15.573,13.1352,32.077,28.9174,35.0117,34.6235,46.9305,49.8147,33.4201,37.0340,44.529,37.5195,70.741,-14.8306
233,Iona,MAAC,33,16-1710–10,102.3230,108.2227,.3445233,50.0215,52.8298,14.947,22.29,28.3192,30.8266,28.5296,37.5293,48.2267,54.1329,35.398,34.0185,38.7138,40.0278,67.0213,-12.7267
234,Fresno St.,MWC,32,12-214–14,102.3231,108.2229,.3423234,51.5126,53.1311,18.8293,15.4284,24.4303,30.4238,30.4246,28.063,52.683,51.8242,33.2209,36.9336,38.5146,37.3190,65.6291,-11.6237
235,"Stetson   16 seed, ❌",ASun,32,22-1311–5,107.9134,114.3347,.3411235,52.867,52.3277,15.995,13.5344,27.4230,31.5300,31.8208,25.521,52.1102,52.6286,35.962,34.6233,41.766,37.3190,66.2261,-7.0140
236,Nicholls St.,Slnd,31,20-1413–5,103.7214,109.9267,.3392236,51.5126,49.8133,19.0304,16.4211,27.6219,32.2317,37.660,39.4316,48.9240,50.7190,36.825,32.166,40.3100,36.3134,66.3256,-8.3165
237,Milwaukee,Horz,33,20-1512–8,106.3159,112.7326,.3388237,51.0152,50.6187,17.9235,15.5279,36.016,32.6322,34.0139,32.8186,52.781,50.2166,32.2261,34.2204,38.8136,38.4224,70.057,-9.9200
238,Cal St. Northridge,BW,32,19-159–11,98.9289,104.8157,.3385238,48.9254,48.360,19.0304,18.0110,31.1103,26.989,37.660,39.5319,50.3175,47.248,30.0330,33.1126,26.4356,44.5349,72.712,-10.6213
239,North Florida,ASun,29,16-169–7,105.6172,112.0312,.3365239,53.648,52.6290,16.3124,14.4321,23.5329,29.9217,28.3301,33.7210,53.365,52.3269,35.962,35.5284,54.71,29.911,67.2205,-11.6234
240,Florida Gulf Coast,ASun,29,14-188–8,102.1239,108.3231,.3360240,52.191,52.8298,17.6213,15.8264,29.6147,28.3142,27.2326,29.390,50.8151,52.0250,36.243,35.9312,37.3185,42.8335,64.0341,-13.3277
241,Marshall,SB,32,13-207–11,100.1272,106.3188,.3339241,46.8317,51.4233,16.5142,16.2228,29.8139,27.9123,28.8286,29.9111,47.1296,49.8147,31.0316,36.2321,41.378,35.3101,70.742,-14.1296
242,UC Santa Barbara,BW,29,16-159–11,104.2201,110.8284,.3310242,53.353,50.6187,19.1310,14.3324,25.2293,26.672,39.726,31.0133,53.457,51.8242,35.492,32.166,30.5323,33.754,67.4192,-10.7218
243,San Diego,WCC,31,18-157–9,100.2264,106.6196,.3294243,49.0251,52.5285,18.3271,18.1102,27.1243,31.8307,32.0196,38.6303,47.4290,53.7315,34.8132,33.9174,34.1266,39.8272,71.329,-7.9155
244,Lamar,Slnd,31,19-1412–6,102.1240,108.6239,.3289244,50.9156,49.299,18.0242,19.349,33.155,31.9310,33.2158,39.2312,50.2178,48.897,34.8132,33.3136,35.3231,39.6260,68.4129,-10.0202
245,Portland St.,BSky,29,17-158–10,98.7293,105.0166,.3288245,46.8317,52.0259,16.4134,18.673,29.8139,28.3142,34.3132,34.7238,45.6336,51.1212,32.4253,35.6291,37.6172,38.2213,69.478,-11.1222
246,Southern,SWAC,29,18-1412–6,97.0316,103.2135,.3287246,49.4238,50.4170,20.1335,22.110,26.5262,30.8266,35.699,46.2354,49.9197,51.5230,32.5247,32.275,38.0157,35.6112,67.8163,-8.2163
247,Albany,AE,31,13-195–11,104.2203,110.9287,.3281247,50.4188,51.4233,17.7216,17.0164,30.6114,29.4198,29.2277,38.9308,51.0145,54.6340,32.9229,29.34,36.9189,29.69,73.16,-14.0293
248,Norfolk St.,MEAC,31,24-1111–3,102.2233,108.9245,.3262248,49.6232,49.5113,18.4278,22.011,31.399,31.4295,41.812,43.2343,49.6209,47.762,33.2209,34.5226,32.5295,45.3355,66.3257,-7.0139
249,Miami OH,MAC,30,15-179–9,99.0286,105.4177,.3261249,51.0152,49.3106,17.2192,18.0110,22.0348,30.7261,30.4246,31.9156,48.7249,50.5176,36.243,31.544,40.3100,36.8166,67.4187,-12.5261
250,Cal St. Bakersfield,BW,30,13-198–12,100.1271,106.6197,.3260250,47.0309,50.0147,18.3271,18.673,32.959,31.2282,32.0196,46.7357,46.6314,49.1113,32.1270,34.3210,25.7359,36.7155,64.8324,-13.8291
Rk,Team,Conf,G,Rec,AdjOE,AdjDE,Barthag,Efg%,EfgD%,TOR,TORD,ORB,DRB,FTR,FTRD,2P%,2P%D,3P%,3P%D,3PR,3PRD,Adj T.,WAB
251,Maine,AE,31,15-177–9,95.8330,102.1108,.3247251,47.8282,49.9142,16.7159,19.252,23.0337,27.8115,30.0257,32.1165,49.3220,50.6180,29.7333,32.378,32.2299,33.247,65.6289,-12.2250
252,Southern Utah,WAC,29,10-215–15,104.4197,111.3301,.3240252,48.4267,52.6290,16.9174,17.0164,27.9206,33.0334,36.288,32.2168,50.8151,53.0298,29.4339,34.3210,35.0244,27.24,69.672,-15.1309
253,Idaho St.,BSky,32,14-207–11,102.7222,109.7256,.3192253,51.1147,54.5345,16.7159,18.297,30.3120,26.883,33.5154,32.6181,52.683,54.7341,32.2261,36.0318,35.0244,30.012,64.0342,-15.6313
254,Canisius,MAAC,31,14-188–12,100.2267,107.1212,.3167254,49.6232,51.2216,19.1310,16.3224,32.865,28.1132,27.5319,28.063,49.7208,51.0205,32.9229,34.4221,36.1211,31.832,67.1211,-13.3278
255,UMBC,AE,31,11-216–10,104.4195,111.7311,.3148255,52.770,50.3166,17.5205,14.9307,25.5289,31.0273,24.1354,28.370,52.683,52.2262,35.398,31.337,35.1238,36.4136,73.35,-16.9324
256,Green Bay,Horz,30,18-1413–7,102.0242,109.3249,.3101256,52.482,49.4111,18.6286,14.0334,27.3233,28.4145,29.4269,34.2226,53.749,51.6234,34.0172,30.212,48.29,35.3101,63.7345,-9.2180
257,Queens,ASun,31,14-197–9,103.8211,111.3300,.3100257,49.9220,54.1336,15.784,15.4284,27.6219,29.5205,33.7147,29.494,50.1189,55.8355,33.0221,34.2204,40.891,36.7155,72.99,-13.5283
258,Austin Peay,ASun,32,19-1610–6,107.2142,115.0351,.3086258,50.4188,53.1311,13.36,16.6196,29.9134,31.6303,31.9203,37.9297,48.8243,54.4335,35.584,34.0185,35.1238,35.7114,64.6330,-10.5211
259,Ball St.,MAC,29,15-167–11,102.2232,109.8261,.3068259,50.8162,51.3221,18.2263,16.2228,27.3233,27.9123,38.246,27.656,48.7249,50.6180,36.151,35.1262,37.9161,35.296,66.7231,-12.5262
260,Southern Miss,SB,30,16-169–9,99.7279,107.1214,.3049260,48.4267,50.5180,18.5283,17.2154,28.9170,30.5245,37.953,33.0190,47.2295,48.9101,33.8181,35.7296,33.6275,34.578,67.9154,-11.1223
261,Middle Tennessee,CUSA,31,14-197–9,98.4299,105.8184,.3028261,46.0334,49.5113,20.6341,15.8264,28.2196,30.4238,34.9122,29.6103,45.6336,49.0108,31.1313,33.8166,42.156,29.710,65.4303,-13.2275
262,"Grambling St.   16 seed, ❌",SWAC,33,21-1514–4,98.9288,106.4190,.3023262,48.1275,49.7127,20.0330,18.864,27.9206,32.8328,38.836,33.8214,46.9305,48.897,34.0172,34.3210,29.0342,34.272,64.8323,-8.1159
263,Western Illinois,OVC,29,21-1213–5,97.3313,104.8156,.2991263,46.5325,46.516,20.1335,14.2326,37.29,28.9174,35.699,25.117,46.0328,46.836,31.7288,30.415,31.0319,30.720,64.7326,-8.0157
264,North Dakota St.,Sum,29,15-178–8,103.2219,111.2295,.2983264,53.353,53.7327,16.8167,13.2349,24.3306,24.722,30.3251,28.576,51.4130,52.8290,37.713,36.8334,35.9217,34.781,65.8285,-12.0247
265,North Carolina Central,MEAC,27,18-139–5,104.6192,112.8330,.2951265,49.8222,49.087,17.8226,18.1102,31.399,33.7341,40.420,37.1286,49.8205,51.5230,33.2209,29.75,37.9161,36.7155,66.5246,-9.7197
266,North Alabama,ASun,30,15-178–8,104.2200,112.5324,.2944266,49.8222,51.5239,14.638,14.2326,27.0246,27.8115,32.9170,40.9330,47.9277,50.6180,35.681,35.4280,34.6254,34.884,67.8158,-12.2252
267,Lehigh,Pat,30,14-189–9,98.9287,106.8200,.2934267,49.5236,51.7249,16.9174,17.9115,22.0348,23.58,33.0165,29.6103,50.2178,50.7190,32.2261,35.6291,37.6172,37.2183,70.252,-13.5281
268,Georgia Southern,SB,33,9-248–10,104.6193,112.9332,.2915268,50.8162,52.0259,18.8293,17.3146,28.8174,33.9344,28.9285,43.1342,49.3220,51.4226,35.2105,35.5284,44.628,36.4136,69.095,-17.9333
269,Central Michigan,MAC,31,18-1412–6,95.9329,103.6141,.2901269,46.8317,47.332,17.5205,16.2228,28.6180,30.7261,27.4323,30.6126,47.7282,47.762,30.1327,31.233,35.2235,40.8291,65.4305,-8.3166
270,Utah Tech,WAC,30,11-207–13,99.7278,107.9223,.2880270,50.4188,50.4170,21.8356,18.392,28.2196,31.6303,40.321,43.2343,50.2178,50.1163,33.7189,33.9174,34.7252,36.7155,70.450,-13.9292
271,Bucknell,Pat,33,14-1910–8,98.7294,106.9202,.2866271,50.4188,49.5113,18.9299,16.4211,25.9278,28.6158,29.0284,31.5139,50.2178,50.1163,33.8181,32.483,44.926,42.2322,64.9316,-14.6305
272,Portland,WCC,31,12-215–11,103.8210,112.4323,.2857272,50.5183,55.3354,17.1184,13.2349,23.6326,28.8168,31.7213,22.68,49.9197,53.9322,34.1164,38.0355,44.529,45.1353,67.8162,-13.3276
273,Binghamton,AE,28,15-157–9,101.8244,110.3277,.2840273,49.4238,50.0147,18.0242,13.3347,29.1160,25.029,34.3132,34.8241,51.4130,48.487,29.9332,35.0254,30.7320,38.0211,66.7237,-10.7217
274,Texas Southern,SWAC,32,16-1712–6,98.6296,106.9203,.2829274,46.9312,48.360,18.1249,17.8120,30.0130,30.9271,31.1227,40.1325,47.1296,48.280,31.1313,32.483,38.8136,36.0126,67.8160,-10.6216
275,Nebraska Omaha,Sum,29,15-187–9,102.3229,111.0289,.2809275,49.5236,53.4320,14.534,15.9256,24.7300,26.467,39.726,32.2168,50.5164,53.3306,31.6292,35.7296,33.0290,42.5331,67.5184,-13.5282
Rk,Team,Conf,G,Rec,AdjOE,AdjDE,Barthag,Efg%,EfgD%,TOR,TORD,ORB,DRB,FTR,FTRD,2P%,2P%D,3P%,3P%D,3PR,3PRD,Adj T.,WAB
276,"Howard   16 seed, ❌",MEAC,33,18-179–5,104.7191,113.6338,.2798276,51.7115,51.1209,21.2346,16.6196,33.349,30.3229,42.110,38.4301,49.1235,50.9199,37.220,34.4221,39.0132,33.247,67.9156,-12.2251
277,Central Connecticut,NEC,29,20-1113–3,99.9276,108.7242,.2759277,50.2203,49.6123,16.7159,17.5136,27.6219,26.883,33.0165,26.733,50.8151,48.280,32.8235,34.8245,35.4228,35.296,66.8227,-8.1160
278,The Citadel,SC,29,11-213–15,101.2254,110.1272,.2756278,50.6174,53.5322,18.0242,16.1241,27.3233,26.883,33.7147,22.57,51.3134,54.1329,32.8235,35.2266,33.3283,39.9277,65.5301,-15.7315
279,New Mexico St.,CUSA,28,13-197–9,99.6281,108.3232,.2749279,46.9312,50.9198,17.7216,15.8264,25.4291,29.6209,32.7178,44.8349,47.0301,50.0154,31.2307,34.7241,34.6254,42.4327,66.3255,-12.6266
280,Presbyterian,BSth,30,14-196–10,101.6246,110.7282,.2712280,51.2144,52.8298,16.9174,17.7126,26.3269,27.8115,36.873,42.0338,52.293,52.8290,32.8235,35.2266,33.0290,35.6112,67.6173,-14.2299
281,New Hampshire,AE,30,16-157–9,98.0307,106.8199,.2709281,47.9280,50.5180,16.6152,16.4211,23.5329,25.540,29.8262,27.555,48.1271,53.5312,31.8279,30.518,43.739,38.4224,71.525,-9.4186
282,Kennesaw St.,ASun,28,15-166–10,103.7213,113.1333,.2707282,51.5126,53.1311,16.0104,17.6132,30.0130,30.5245,35.4102,43.2343,53.072,51.3220,32.9229,37.2347,42.551,39.5256,74.14,-12.6265
283,Oral Roberts,Sum,28,12-195–11,102.0241,111.5308,.2659283,51.1147,51.4233,14.223,14.5316,20.9355,30.6253,26.0340,32.3170,49.1235,50.0154,36.056,35.8305,42.156,38.5229,67.8166,-13.6285
284,USC Upstate,BSth,27,10-205–11,99.3285,108.5236,.2653284,49.6232,52.0259,16.4134,18.673,23.9318,34.3349,29.5268,45.0350,50.2178,53.0298,32.5247,33.5147,39.9108,35.7114,67.2206,-15.3311
285,Denver,Sum,30,17-176–10,105.9169,115.9353,.2629285,51.8109,54.7351,14.015,14.2326,27.3233,27.6110,35.0117,32.0161,51.2138,54.4335,35.1112,36.8334,41.087,35.5107,70.645,-12.4257
286,"Wagner   16 seed, ❌",NEC,31,17-167–9,96.2325,105.2172,.2620286,45.1347,48.882,15.784,16.8185,28.8174,27.7111,26.4338,30.2117,43.1358,51.0205,32.2261,30.415,37.7167,40.8291,61.5361,-11.7238
287,Niagara,MAAC,31,16-1611–9,101.5248,111.3297,.2574287,52.097,52.2270,17.4203,16.5206,23.4331,26.883,36.093,30.7129,51.2138,52.1257,35.962,35.0254,31.8304,27.65,67.4190,-12.5260
288,DePaul,BE,32,3-290–20,101.2255,111.0290,.2563288,48.1275,56.5361,19.9328,14.5316,22.0348,32.3321,33.5154,28.475,47.0301,56.1357,33.5198,38.1357,34.8249,41.1301,67.8161,-14.9307
289,Sacred Heart,NEC,30,16-1610–6,101.3253,111.4307,.2511289,51.5126,51.6245,17.1184,20.133,25.9278,32.6322,31.7213,31.9156,50.2178,50.6180,35.962,35.3275,34.1266,41.6311,69.381,-12.7268
290,SIU Edwardsville,OVC,30,17-169–9,100.2265,110.3275,.2494290,47.2300,51.1209,15.680,17.4139,30.1125,28.2138,31.9203,37.2287,46.2322,49.2119,32.5247,36.2321,36.8191,37.5195,67.0216,-12.0248
291,FIU,CUSA,32,11-225–11,100.2269,110.2273,.2492291,49.7229,55.6356,18.9299,24.14,27.0246,37.3361,28.4298,35.9265,49.9197,52.9295,32.9229,40.3362,41.766,36.0126,70.449,-16.4318
292,Alcorn St.,SWAC,31,14-1813–5,105.6171,116.4355,.2462292,48.9254,55.0353,17.0181,17.2154,33.445,30.6253,37.463,36.6281,48.0274,54.0326,34.2159,37.5350,26.6355,45.8357,66.7232,-11.4229
293,Boston University,Pat,32,16-1710–8,98.2304,108.2228,.2457293,47.8282,50.0147,17.7216,16.9174,26.6259,23.04,30.2254,36.2273,46.8310,48.796,32.8235,34.6233,40.891,41.0296,65.9273,-14.2303
294,Valparaiso,MVC,31,7-253–17,99.6280,109.9268,.2437294,46.2331,54.5345,15.995,17.3146,25.7285,30.3229,23.3357,30.7129,45.0344,55.0344,32.1270,35.8305,36.3204,35.296,68.0149,-17.4329
295,Tennessee St.,OVC,29,18-1510–8,98.0308,108.1226,.2427295,48.8257,48.882,19.7326,18.673,28.4189,32.0314,38.150,44.3348,49.8205,48.692,31.3302,32.7102,35.9217,34.374,68.4130,-11.4230
296,Louisiana Monroe,SB,28,11-196–12,100.0273,110.5280,.2413296,44.8350,52.6290,18.2263,17.2154,34.131,29.0178,38.440,37.6295,45.6336,51.7237,28.5352,35.8305,28.7344,44.9351,67.2210,-13.5280
297,Chicago St.,ind,29,13-190–0,98.5297,108.9244,.2406297,46.1332,53.6325,20.0330,21.119,32.473,35.3355,38.246,36.0270,46.9305,55.6353,29.7333,33.3136,34.5258,35.5107,65.2310,-12.6264
298,Old Dominion,SB,31,7-253–15,98.1305,108.4234,.2397298,47.6288,51.3221,15.051,18.0110,25.2293,31.2282,27.1329,39.7321,47.5287,50.0154,31.8279,35.5284,35.1238,42.0317,69.962,-19.5350
299,South Carolina St.,MEAC,30,14-189–5,98.0306,108.5237,.2373299,45.7340,52.2270,21.3351,21.813,37.77,31.0273,36.582,49.2361,44.5348,53.3306,32.3256,33.6155,31.9303,38.3218,68.9101,-13.0270
300,Delaware St.,MEAC,32,15-196–8,95.0337,105.3174,.2358300,46.1332,50.9198,21.1345,21.715,33.155,31.5300,39.529,36.2273,46.0328,48.9101,31.0316,35.9312,25.1360,39.8272,69.092,-14.1297
Rk,Team,Conf,G,Rec,AdjOE,AdjDE,Barthag,Efg%,EfgD%,TOR,TORD,ORB,DRB,FTR,FTRD,2P%,2P%D,3P%,3P%D,3PR,3PRD,Adj T.,WAB
301,American,Pat,31,16-1610–8,102.4226,113.5336,.2345301,52.578,53.4320,17.3196,17.0164,27.9206,25.646,28.4298,29.8110,52.878,51.9246,34.7139,36.9336,44.926,42.3325,63.0355,-12.5259
302,Jacksonville,ASun,30,16-175–11,98.9290,109.7260,.2314302,48.7258,52.3277,19.2314,17.4139,34.628,30.7261,36.384,40.4328,47.7282,51.5230,33.8181,35.7296,33.1288,40.9294,65.9275,-12.1249
303,Northern Illinois,MAC,29,11-205–13,101.4250,112.7327,.2284303,49.8222,52.9305,18.1249,14.3324,28.0204,31.2282,36.288,34.7238,50.2178,51.8242,32.7241,36.7330,39.1127,35.8119,68.3133,-14.3304
304,Bellarmine,ASun,28,8-234–12,100.1270,111.4306,.2268304,49.0251,53.9330,14.534,14.6315,21.8351,29.4198,21.4362,31.9156,48.3264,55.1346,33.6194,35.0254,37.3185,44.4348,65.1313,-17.6331
305,Campbell,CAA,29,14-188–10,100.6261,112.2319,.2222305,52.097,52.2270,18.1249,16.4211,23.8322,31.2282,33.7147,23.611,52.0105,52.9295,34.6142,34.1195,38.6142,43.3343,66.4253,-13.8290
306,Jackson St.,SWAC,32,15-1711–7,100.2268,111.7310,.2221306,47.0309,52.6290,19.0304,19.058,34.925,32.0314,34.7127,34.5234,46.2322,52.4278,32.5247,35.2266,33.8272,39.6260,68.8103,-11.6235
307,Le Moyne,NEC,29,15-179–7,98.7291,110.3278,.2184307,50.1210,50.6187,16.6152,17.8120,23.1335,29.9217,25.3347,27.861,49.2226,51.0205,34.1164,33.4142,47.514,43.0339,67.5183,-13.8287
308,Bethune Cookman,SWAC,32,17-1711–7,97.2314,108.7241,.2169308,47.3295,50.1155,19.5323,21.912,29.2157,33.2336,38.246,49.2361,47.0301,49.5136,32.0275,34.1195,29.7335,35.296,69.767,-12.4256
309,Elon,CAA,30,13-196–12,101.4251,113.7341,.2119309,50.6174,53.2317,17.8226,15.7272,28.7178,32.8328,32.8175,29.187,48.8243,54.5337,35.2105,34.2204,43.739,40.0278,67.7168,-14.1298
310,Southeastern Louisiana,Slnd,29,15-1710–8,97.8311,109.9266,.2083310,48.4267,51.3221,20.9343,17.3146,30.7108,30.3229,35.0117,30.2117,46.6314,52.2262,34.1164,33.4142,38.6142,44.8350,64.9320,-11.9245
311,Sacramento St.,BSky,32,10-244–14,97.8310,109.9269,.2070311,48.7258,54.1336,22.8359,15.6277,34.131,25.850,32.9170,32.7183,48.7249,55.1346,32.4253,35.0254,41.279,38.6236,64.1339,-19.2346
312,William & Mary,CAA,31,10-234–14,100.0274,112.6325,.2035312,48.3271,52.2270,16.3124,14.4321,27.4230,29.1184,31.9203,34.9246,48.6254,52.5282,32.1270,34.5226,47.713,36.5143,66.0271,-18.7341
313,Idaho,BSky,30,11-215–13,98.5298,111.1292,.1996313,50.2203,53.5322,17.5205,16.6196,22.7343,28.6158,26.7334,37.2287,50.2178,53.4310,33.5198,35.8305,41.087,38.5229,65.0315,-16.8322
314,Coastal Carolina,SB,29,9-225–13,98.6295,111.3301,.1991314,49.4238,50.1155,19.1310,12.7358,29.3155,30.5245,32.5184,29.598,50.0192,50.6180,32.1270,33.0116,32.9292,46.6360,69.477,-17.8332
315,South Dakota,Sum,29,12-205–11,103.5217,116.9357,.1977315,51.9102,53.1311,18.3271,11.7361,27.5224,28.6158,30.5244,27.347,49.6209,52.3269,37.617,36.2321,34.5258,38.3218,68.999,-16.5320
316,Robert Morris,Horz,30,10-226–14,100.0275,113.1334,.1958316,50.3195,53.3318,20.0330,15.8264,33.251,29.5205,28.0304,36.8283,50.0192,54.3334,33.8181,34.3210,42.649,34.884,67.2207,-17.2326
317,Western Michigan,MAC,31,12-209–9,98.2302,111.3303,.1915317,48.7258,50.9198,19.7326,15.5279,33.740,29.6209,31.5220,31.5139,48.4260,50.8193,32.8235,34.1195,38.9133,38.5229,68.5122,-15.2310
318,Northern Arizona,BSky,33,14-197–11,98.2303,111.4305,.1902318,49.3245,52.9305,18.1249,16.7189,24.1313,31.1279,31.1227,37.4290,50.7162,55.4350,31.2307,32.061,35.2235,34.065,68.4131,-13.5284
319,Alabama St.,SWAC,29,13-198–10,92.4352,105.0164,.1875319,41.0362,49.194,16.3124,20.036,31.791,29.1184,28.5296,43.4346,40.4362,47.659,28.0359,34.1195,38.4151,41.0296,67.2197,-13.8289
320,Eastern Illinois,OVC,28,14-188–10,95.5331,108.8243,.1836320,44.8350,52.0259,15.784,19.741,27.5224,28.0130,27.2326,37.5293,43.6355,51.1212,31.8279,35.8305,29.6337,37.1180,66.7238,-13.2273
321,Charleston Southern,BSth,27,10-206–10,93.7344,107.1209,.1777321,45.2346,50.9198,18.1249,13.4345,27.0246,29.0178,31.2225,33.5204,44.1351,52.3269,31.4299,31.958,35.9217,31.525,66.9222,-14.2300
322,Northwestern St.,Slnd,30,9-237–11,97.1315,111.2296,.1739322,47.7285,51.9255,19.3318,18.579,29.8139,34.1348,36.777,41.4333,48.0274,53.8319,31.3302,32.696,34.4261,37.2183,67.6174,-18.5339
323,Eastern Michigan,MAC,29,13-186–12,96.5324,110.5281,.1737323,47.9280,52.0259,17.0181,15.7272,27.6219,31.2282,25.0349,31.5139,48.7249,54.7341,30.8322,31.958,32.3298,39.5256,65.4304,-14.1295
324,Lafayette,Pat,31,11-2110–8,93.1350,106.9201,.1703324,46.9312,48.571,17.5205,17.4139,24.2312,29.1184,23.9355,31.5139,47.0301,46.631,31.2307,34.3210,40.0105,38.5229,65.4307,-17.0325
325,Alabama A&M,SWAC,35,12-239–9,93.4348,107.9224,.1597325,45.9339,49.194,22.4358,19.445,31.886,32.7325,47.22,45.2352,46.9305,46.942,28.7349,35.2266,26.9353,36.8166,70.546,-17.5330
Rk,Team,Conf,G,Rec,AdjOE,AdjDE,Barthag,Efg%,EfgD%,TOR,TORD,ORB,DRB,FTR,FTRD,2P%,2P%D,3P%,3P%D,3PR,3PRD,Adj T.,WAB
326,Southern Indiana,OVC,29,8-245–13,96.6321,111.7309,.1589326,45.6342,49.5113,19.4320,16.6196,27.0246,28.5148,37.660,48.6360,44.5348,49.3124,31.6292,33.3136,36.3204,37.5195,69.285,-19.2344
327,Navy,Pat,30,13-188–10,95.9327,111.1291,.1554327,44.0355,50.3166,15.680,20.527,31.886,30.8266,34.8125,35.7260,43.8353,50.9199,29.6336,32.9113,33.1288,40.7288,65.5297,-15.4312
328,NJIT,AE,27,7-213–13,97.8312,113.7340,.1504328,44.6353,52.4281,16.4134,16.6196,28.3192,32.9331,31.2225,39.7321,44.7346,52.3269,29.6336,35.0254,39.2123,35.8119,66.5248,-16.8321
329,Arkansas Pine Bluff,SWAC,27,13-188–10,101.5247,118.3360,.1470329,51.5126,52.6290,18.0242,15.4284,22.9339,34.0345,40.222,32.5178,48.4260,56.0356,36.535,31.440,49.46,38.3218,72.017,-13.2274
330,Hampton,CAA,30,9-243–15,95.5332,111.3299,.1463330,46.7320,51.6245,17.9235,15.0305,27.9206,31.9310,29.4269,29.9111,46.9305,52.1257,30.9320,33.9174,38.6142,39.0247,69.964,-20.1352
331,Dartmouth,Ivy,25,6-212–12,93.6345,109.6255,.1404331,47.6288,54.2338,19.4320,13.4345,20.7356,24.518,27.8310,24.412,48.2267,53.2303,31.2307,37.0340,42.748,42.4327,65.1314,-16.0316
332,UT Rio Grande Valley,WAC,29,6-252–18,94.8339,111.0288,.1403332,45.1347,53.1311,19.0304,18.961,24.3306,33.4338,41.215,34.4231,45.8332,54.2333,29.0345,33.9174,29.2340,33.450,71.327,-19.3347
333,New Orleans,Slnd,29,10-234–14,97.9309,114.6349,.1402333,45.5344,54.4341,17.3196,19.156,28.4189,34.9352,39.232,38.7306,45.5340,54.9343,30.2326,35.5284,29.3338,31.730,71.426,-18.2335
334,Fairleigh Dickinson,NEC,30,15-179–7,95.9326,112.9331,.1329334,47.1304,52.9305,17.2192,19.058,27.8214,31.2282,34.9122,32.0161,46.7312,52.4278,31.8279,35.7296,39.3121,40.5286,72.316,-13.8286
335,Morgan St.,MEAC,28,11-207–7,96.5322,113.8342,.1317335,47.4294,52.0259,20.2338,18.297,29.5149,37.2360,31.3223,41.4333,49.3220,51.6234,28.2357,35.3275,26.9353,32.436,70.740,-15.6314
336,Manhattan,MAAC,29,7-234–16,95.1336,112.3320,.1292336,47.2300,53.1311,19.2314,16.9174,24.8299,30.1222,22.1361,27.347,47.4290,52.2262,31.3302,36.7330,38.7138,33.859,68.5123,-18.5338
337,Central Arkansas,ASun,30,9-235–11,96.7320,114.2345,.1288337,47.5292,54.0333,18.1249,15.4284,28.3192,31.4295,29.3272,33.7210,45.2341,51.9246,34.2159,37.9353,37.8163,42.1321,69.283,-19.0342
338,Texas A&M Commerce,Slnd,30,13-206–12,94.4341,112.0315,.1227338,46.0334,52.4281,16.7159,18.392,24.3306,33.1335,30.8236,39.2312,47.6285,52.4278,29.4339,35.0254,46.021,30.415,66.3260,-14.2301
339,Florida A&M,SWAC,27,6-234–14,92.1353,109.8265,.1164339,47.5292,51.8252,21.4353,16.3224,26.3269,31.7305,28.0304,39.2312,46.0328,51.1212,34.1164,35.3275,29.9330,36.6148,68.2140,-16.9323
340,LIU Brooklyn,NEC,29,7-226–10,93.1349,111.1294,.1158340,46.4328,50.8195,20.1335,15.8264,25.5289,28.5148,31.5220,41.1332,46.3320,53.0298,31.0316,31.131,29.9330,34.374,70.448,-18.3337
341,Cal Poly,BW,31,4-280–20,93.9342,112.2318,.1147341,46.0334,51.5239,18.6286,17.3146,24.3306,33.6339,31.3223,41.9337,44.1351,50.8193,33.0221,35.6291,34.0270,30.314,65.8282,-23.5360
342,Prairie View A&M,SWAC,29,10-215–13,93.6346,112.1316,.1111342,45.6342,53.7327,17.7216,22.68,26.5262,35.2353,36.972,46.6356,45.6336,54.1329,30.4325,35.2266,26.4356,32.943,71.034,-16.0317
343,North Carolina A&T,CAA,32,7-255–13,95.2334,114.1344,.1110343,43.9356,54.5345,13.89,15.9256,24.3306,34.0345,34.0139,29.598,44.4350,55.5351,28.7349,35.2266,35.7222,37.2183,68.1144,-19.1343
344,Loyola MD,Pat,31,7-255–13,93.8343,112.4321,.1106344,47.2300,53.3318,20.4340,15.6277,29.2157,26.467,30.0257,32.6181,46.1326,53.3306,32.7241,35.6291,38.7138,36.6148,65.8278,-20.9353
345,Tennessee Tech,OVC,28,10-215–13,94.5340,113.4335,.1094345,49.0251,52.5285,17.8226,15.4284,18.9360,28.1132,31.0230,24.614,49.2226,52.7288,32.3256,34.8245,34.1266,37.7203,65.8280,-17.3327
346,Detroit,Horz,32,1-311–19,96.8318,116.2354,.1093346,47.3295,55.9359,19.4320,17.3146,25.9278,35.2353,30.3251,31.9156,50.4170,56.1357,28.1358,37.1344,36.9189,37.2183,67.2203,-24.8362
347,Buffalo,MAC,30,4-272–16,95.1335,114.2346,.1093347,47.3295,53.9330,20.0330,15.1299,28.3192,30.6253,26.0340,28.781,51.6120,53.5312,27.5361,36.5325,41.474,35.192,69.188,-22.2356
348,Incarnate Word,Slnd,29,8-233–15,95.4333,114.9350,.1055348,48.2273,51.8252,21.7355,15.1299,30.0130,30.0220,37.168,40.7329,48.3264,50.2166,32.0275,36.7330,39.7113,34.477,70.055,-19.5349
349,Army,Pat,30,10-226–12,90.7356,109.2247,.1051349,47.1304,50.3166,18.9299,16.6196,27.0246,25.540,25.4345,31.6146,46.5317,50.6180,31.8279,33.2132,45.125,39.5256,63.2353,-19.5351
350,Holy Cross,Pat,32,10-236–12,99.5282,121.1362,.0947350,50.1210,53.6325,16.5142,12.8356,23.2332,28.1132,25.9343,30.6126,48.7249,50.7190,35.0121,38.7359,37.7167,39.7268,65.8279,-19.3348
351,Maryland Eastern Shore,MEAC,25,9-204–10,89.3359,109.4252,.0878351,43.0359,50.9198,20.0330,18.961,28.8174,33.7341,32.7178,37.8296,43.3356,51.7237,28.3354,33.0116,34.8249,36.2130,67.3196,-16.4319
352,Pacific,WCC,30,6-260–16,94.8338,116.9356,.0827352,46.5325,56.3360,16.9174,16.1241,18.8361,33.2336,37.168,36.4277,46.0328,58.2361,31.5296,35.7296,36.3204,39.7268,68.4127,-19.2345
353,Southeast Missouri St.,OVC,27,9-224–14,90.6357,112.0313,.0806353,45.1347,52.0259,17.3196,17.2154,24.0316,29.5205,27.0331,44.2347,45.1343,54.0326,30.0330,31.544,33.5278,30.517,69.380,-18.3336
354,Lindenwood,OVC,28,9-223–15,91.6354,113.5337,.0778354,43.3358,53.9330,17.9235,17.7126,23.6326,28.7163,38.342,40.2327,43.2357,52.5282,29.0345,37.6352,30.7320,37.4193,67.5181,-18.2334
355,Houston Christian,Slnd,27,6-234–14,96.7319,120.0361,.0770355,46.9312,54.0333,21.0344,13.6343,29.7145,33.7341,36.873,28.680,47.9277,55.5351,29.5338,34.0185,28.0350,34.168,71.722,-17.3328
356,Siena,MAAC,32,4-283–17,90.3358,112.8328,.0725356,44.7352,51.8252,23.4361,14.8310,33.251,31.2282,30.8236,28.063,46.1326,51.3220,28.0359,35.2266,34.3263,34.168,66.1267,-23.8361
357,Stonehill,NEC,30,4-272–14,90.8355,114.5348,.0655357,46.7320,52.7297,19.5323,16.6196,22.5344,31.0273,22.6358,29.494,47.9277,51.7237,30.1327,35.9312,47.016,46.2359,68.2139,-22.0355
358,VMI,SC,29,4-281–17,87.9360,110.8285,.0654358,46.0334,54.4341,21.2346,15.1299,23.8322,30.6253,27.6315,30.9132,46.7312,54.5337,29.7333,36.2321,33.3283,38.4224,74.82,-22.8358
359,IUPUI,Horz,29,6-262–18,92.7351,117.1358,.0635359,46.5325,58.2362,21.3351,18.579,30.0130,35.5356,33.2158,33.4201,49.5213,59.0362,24.7362,38.0355,24.3361,37.5195,67.4186,-21.6354
360,St. Francis PA,NEC,28,8-223–13,93.4347,118.1359,.0633360,47.2300,53.0309,21.2346,17.1161,32.959,31.3290,32.6181,35.4256,45.7333,52.9295,33.2209,35.4280,35.1238,37.1180,65.6293,-18.6340
361,Coppin St.,MEAC,29,2-271–13,85.3362,111.3298,.0450361,42.1361,51.3221,22.9360,21.813,27.0246,38.6362,31.1227,38.3299,41.9360,51.0205,28.3354,34.5226,34.4261,37.6201,66.4251,-23.0359
362,Mississippi Valley St.,SWAC,31,1-301–17,85.9361,115.8352,.0311362,42.5360,55.6356,24.0362,17.2154,27.9206,35.7357,33.0165,41.6336,41.9360,55.6353,29.2344,37.0340,30.4325,36.5143,64.7329,-22.7357
Rk,Team,Conf,G,Rec,AdjOE,AdjDE,Barthag,Efg%,EfgD%,TOR,TORD,ORB,DRB,FTR,FTRD,2P%,2P%D,3P%,3P%D,3PR,3PRD,Adj T.,WAB
